mv AzureConfig.php      src/AzureConfig-sample.php          
mv DeeplConfig.php      src/DeeplConfig-sample.php
mv IbmConfig.php        src/IbmConfig-sample.php
mv LeipzigConfig.php    src/LeipzigConfig-sample.php
mv PonsConfig.php       src/PonsConfig-sample.php
mv SystransConfig.php   src/SystransConfig-sample.php
